[{"Id":"60","Name":"Air Conditioner Service","DisplayPriority":"1","ServiceUrl":"ac-service","url":"ac-service-in-lucknow","title":"AC Service in Lucknow"},{"Id":"81","Name":"Water Purifier Service","DisplayPriority":"2","ServiceUrl":"ro-service","url":"ro-service-in-lucknow","title":"RO Service in Lucknow"},{"Id":"58","Name":"Refrigerator Repair","DisplayPriority":"3","ServiceUrl":"fridge-repair","url":"fridge-repair-in-lucknow","title":"Fridge Repair in Lucknow"},{"Id":"66","Name":"Washing Machine Repair","DisplayPriority":"5","ServiceUrl":"washing-machine-repair-service","url":"washing-machine-repair-in-lucknow","title":"Washing Machine Repair in Lucknow"},{"Id":"65","Name":"Electrician","DisplayPriority":"5","ServiceUrl":"electrician","url":"electrician-in-lucknow","title":"Electrician in Lucknow"},{"Id":"55","Name":"Air Conditioner Repair","DisplayPriority":"6","ServiceUrl":"ac-repair","url":"ac-repair-in-lucknow","title":"AC Repair in Lucknow"},{"Id":"67","Name":"Microwave Repair","DisplayPriority":"7","ServiceUrl":"microwave-repair","url":"microwave-repair-in-lucknow","title":"Microwave Repair in Lucknow"},{"Id":"72","Name":"Deep freezer Repair","DisplayPriority":"11","ServiceUrl":"deep-freezer-repair","url":"deep-freezer-repair-in-lucknow","title":"Deep freezer Repair in Lucknow"},{"Id":"79","Name":"LED TV Repair","DisplayPriority":"12","ServiceUrl":"led-tv-repair","url":"led-tv-repair-in-lucknow","title":"LED TV repair in Lucknow"},{"Id":"74","Name":"Water Dispenser Repair","DisplayPriority":"13","ServiceUrl":"water-dispenser-repair","url":"water-dispenser-repair-in-lucknow","title":"Water Dispenser Repair in Lucknow"},{"Id":"73","Name":"Water Cooler Repair","DisplayPriority":"14","ServiceUrl":"water-cooler-repair","url":"water-cooler-repair-in-lucknow","title":"Water Cooler Repair in Lucknow"},{"Id":"68","Name":"Geyser Repair","DisplayPriority":"20","ServiceUrl":"geyser-repair","url":"geyser-repair-in-lucknow","title":"Geyser Repair in Lucknow"},{"Id":"57","Name":"Water Purifier Repair","DisplayPriority":"20","ServiceUrl":"ro-repair","url":"ro-repair-in-lucknow","title":"RO Repair in Lucknow"},{"Id":"90","Name":"Refrigerator Service","DisplayPriority":"26","ServiceUrl":"refrigerator-service","url":"fridge-service-in-lucknow","title":"Fridge Service in Lucknow"},{"Id":"91","Name":"Washing Machine Service","DisplayPriority":"27","ServiceUrl":"washing-machine-service","url":"washing-machine-service-in-lucknow","title":"Washing Machine Service in Lucknow"},{"Id":"92","Name":"Microwave Service","DisplayPriority":"28","ServiceUrl":"microwave-service","url":"microwave-service-in-lucknow","title":"Microwave Service in Lucknow"},{"Id":"94","Name":"Geyser Service","DisplayPriority":"32","ServiceUrl":"geyser-service","url":"geyser-service-in-lucknow","title":"Geyser Service in Lucknow"}]