[{"ID":"35","location_service_id":"138","q":"What is the diffrence between Normal Servicing and Jet Pump Servicing?","a":"Normal Servicing is done using washing or cleaning the AC manually using brush where as Jet Pump Servicing is done by the high-pressure water pump which ensures deep cleaning and provides better efficiency. One Point highly recommends Jet Pump AC Servicing over Normal AC Servicing."},{"ID":"36","location_service_id":"138","q":"Is Air Conditioner service necessary?","a":"Yes, Efficient servicing provides you better air quality, reduce maintenance cost & can reduce electricity bill significantly "},{"ID":"37","location_service_id":"138","q":"How often my Air Conditioner requires servicing? ","a":"Expert recommends to service your air conditioner at least once in a year. It also depends on the uses of your air conditioner. Generally service time vary according to the uses of air conditioner which can vary from 6 months to 1 year."},{"ID":"38","location_service_id":"138","q":"Can We service Air Conditioner at home?","a":"No, We recommend calling a professional AC technician for Air Conditioner Servicing."},{"ID":"39","location_service_id":"138","q":"What\u2019s the cost of AC Service in Bareilly?","a":"When it comes to the AC service cost, it includes the Service charge plus Part Charges(If any) . It\u2019s not necessary that every-time you have to bear the part charge if the technician visiting has good technical skills. So it\u2019s highly recommended that you call an expert technician for any AC Service in Bareilly."},{"ID":"40","location_service_id":"138","q":"How Can I book service for my AC in Bareilly?","a":"You can Call on our Customer Care Number or book service using our website. You can also download our mobile application from Google Play Store."},{"ID":"41","location_service_id":"138","q":"What is the time to call One Point Customer Care?","a":"You can call anytime between 10 AM - 6 PM for AC Servicing."},{"ID":"42","location_service_id":"138","q":"In Which Area of Bareilly do you provide AC Service?","a":"We provide AC Service in almost every area of main Bareilly within the 35 km radius."},{"ID":"43","location_service_id":"138","q":"Can We make Online payment using UPI for my AC Service charges in Bareilly?","a":"Yes, You can pay using any online method for your air conditioner servicing."}]