[{"id":"9","name":"Sunjay Kumar","location":"Bareilly","rating":"3.2","job_completed":"4","expertise":"AC Cleaning, Gas Filling, AC Installation","image":"customer1.webp"},{"id":"10","name":"Alok Verma","location":"Bareilly","rating":"4.2","job_completed":"22","expertise":"AC Cleaning, Gas Filling","image":"customer1.webp"},{"id":"11","name":"Kamal Verma","location":"Bareilly","rating":"3.2","job_completed":"8","expertise":"Wiring, Fan Repair","image":"customer1.webp"},{"id":"12","name":"Rajeev Singh","location":"Bareilly","rating":"4.3","job_completed":"10","expertise":"Wiring, Fan Repair, Motor Filling","image":"customer1.webp"},{"id":"13","name":"Sunjay Kumar","location":"Bareilly","rating":"3.2","job_completed":"5","expertise":"AC Cleaning, Gas Filling, AC Installation","image":"customer1.webp"}]