[{"ID":"1123","client_name":"Ruchi Jaiswal","review":"My Ac was not working, I called many local technicians but none came. Then I called One Point. Best Online Repair Company for AC Service in Bareilly.","client_image":"ruchi-jaiswal1908878625.png","service_id":"0","random_page":"0","location_service":"138","added_on":"2022-05-11 12:12:23","area":"","rating":"0"},{"ID":"1124","client_name":"Rishabh Mehrotra","review":"One Point Services response is very fast. Affordable Air Conditioner online Service in Bareilly.","client_image":"rishabh-mehrotra1097071134.png","service_id":"0","random_page":"0","location_service":"138","added_on":"2022-05-11 12:18:16","area":"","rating":"0"},{"ID":"1125","client_name":"Sachin Verma","review":"I have taken AC Service in Bareilly. They are quick & provide best AC Servicing. Best ac service customer care in Bareilly","client_image":"sachin-verma1778254513.png","service_id":"0","random_page":"0","location_service":"138","added_on":"2022-05-11 12:20:48","area":"","rating":"0"},{"ID":"1126","client_name":"Bhanu Thakur","review":"For my ac service, I called One Point Services and my AC got servicing on the same day. Reliable AC Service near me","client_image":"bhanu-thakur211734252.png","service_id":"0","random_page":"0","location_service":"138","added_on":"2022-05-11 12:23:30","area":"","rating":"0"},{"ID":"1127","client_name":"Suffiya Khan","review":"I called One Point Services for my Air Conditioner service. I am fully satisfied with their servicing. Reliable Air Conditioner Service in Bareilly.","client_image":"suffiya-khan294696420.png","service_id":"0","random_page":"0","location_service":"138","added_on":"2022-05-11 12:28:08","area":"","rating":"0"}]