[{"ID":"60","Name":"Air Conditioner Service","ServiceUrl":"ac-service","DisplayPriority":"1","mainheading":"Best Online Customer Care for Expert Technician","service_img":"ac service-one point services.png","featured":"1","MetaDescription":"Book expert technician for AC service Near me. Get professional local services near you for AC service Near me. In home Air conditioner servicing customer care Near me. Authorized AC service centre Near me -One Point Services","MetaTitle":"Expert AC Service Near me, servicing customer care -One Point Services","MetaKeyword":"ac service, ac servicing, air conditioner service, air conditioner servicing, ac service near me, ac servicing near me, air conditioner service near me, air conditioner servicing near me, ac service helpline number","brand_heading":"We Service All leading AC brands","subservice_heading":"Type of AC We Service","status":"1","safety":"1","safety_img":"","desc_box_h1":"Servicing Types","desc_box_h2":"Servicing Benefits","desc_box_h3":"Steps of Servicing","desc_box_h1_desc":"<p><span style=\"font-family: 'comic sans ms', sans-serif;\">&nbsp; &nbsp; Normal AC Service<\/span><\/p>\r\n<p>&nbsp;<\/p>\r\n<p>&nbsp;<\/p>\r\n<p><span style=\"font-family: 'comic sans ms', sans-serif;\">&nbsp; &nbsp; Jet Pump AC Service<\/span><\/p>\r\n<p>&nbsp;<\/p>\r\n<p>&nbsp;<\/p>\r\n<p><span style=\"font-family: 'comic sans ms', sans-serif;\">&nbsp; &nbsp; Chemical AC Service<\/span><\/p>","desc_box_h2_desc":"<p><span style=\"font-family: 'comic sans ms', sans-serif;\">&nbsp; &nbsp; Provides better air quality<\/span><\/p>\r\n<p>&nbsp;<\/p>\r\n<p><span style=\"font-family: 'comic sans ms', sans-serif;\">&nbsp; &nbsp; Reduce the maintenance cost<\/span><\/p>\r\n<p>&nbsp;<\/p>\r\n<p><span style=\"font-family: 'comic sans ms', sans-serif;\">&nbsp; &nbsp; Prolong the life of the system<\/span><\/p>\r\n<p>&nbsp;<\/p>\r\n<p><span style=\"font-family: 'comic sans ms', sans-serif;\">&nbsp; &nbsp; Reduce the electricity cost<\/span><\/p>","desc_box_h3_desc":"<p><span style=\"font-family: 'comic sans ms', sans-serif;\">&nbsp; &nbsp; Inspection of AC unit<\/span><\/p>\r\n<p>&nbsp;<\/p>\r\n<p>&nbsp;<\/p>\r\n<p><span style=\"font-family: 'comic sans ms', sans-serif;\">&nbsp; &nbsp; Cleaning process<\/span><\/p>\r\n<p>&nbsp;<\/p>\r\n<p>&nbsp;<\/p>\r\n<p><span style=\"font-family: 'comic sans ms', sans-serif;\">&nbsp; &nbsp; Tuneup of AC unit<\/span><\/p>","cityLinkHeading":"Top Places","serviceLinkHeading":"Top Services"}]